"","time","acte_death2","acte_death2u","acte_death2l","acte_fed2","acte_fed2l","acte_fed2u"
"1",1,0.700059817854328,0.703722758124743,0.69599920600655,0.00744969341299536,0.00796232638292478,0.00693433951846692
"2",2,0.700800572187479,0.70455091353436,0.696644052347454,0.00758645346145723,0.00811004128688695,0.00706030139406603
"3",3,0.701526884045791,0.705365753432308,0.69727324587793,0.00772550813004281,0.0082602549394687,0.00718835855749616
"4",4,0.702238711159577,0.706167239119455,0.697886740782205,0.00786689131982294,0.0084130043579567,0.00731854183262676
"5",5,0.702936011962263,0.706955332527431,0.698484492044274,0.00801063733432084,0.00856832699315119,0.00745088241228201
"6",6,0.7036187455898,0.707729996216798,0.699066455449156,0.00815678088208235,0.00872626073180908,0.0075854118608008
"7",7,0.704286871880094,0.708491193375212,0.699632587584187,0.00830535707920639,0.0088868438990319,0.00772216211656851
"8",8,0.704940351372457,0.709238887815587,0.700182845840371,0.00845640145183389,0.00905011526059641,0.00786116549451912
"9",9,0.705579145307092,0.709973043974268,0.700717188413779,0.00860994993859331,0.00921611402522546,0.00800245468860603
"10",10,0.706203215624601,0.710693626909206,0.701235574307005,0.00876603889300082,0.00938487984679703,0.00814606277424011
"11",11,0.706812524965528,0.711400602298145,0.701737963330689,0.00892470508581325,0.00955645282648881,0.00829202321069343
"12",12,0.707407036669937,0.712093936436824,0.70222431610509,0.00908598570733175,0.00973087351485635,0.00844036984346695
"13",13,0.707986714777024,0.712773596237184,0.702694594061729,0.00924991836965446,0.00990818291384202,0.0085911369066206
"14",14,0.708551524024779,0.713439549225606,0.703148759445098,0.00941654110887572,0.0100884224787125,0.00874435902506405
"15",15,0.709101429849676,0.714091763541159,0.703586775314435,0.00958589238723004,0.0102716341199227,0.00890007121680656
"16",16,0.709636398386422,0.714730207933873,0.704008605545572,0.00975801109517881,0.0104578602049024,0.00905830889516406
"17",17,0.710156396467743,0.715354851763037,0.704414214832854,0.00993293655343738,0.0106471435597651,0.00921910787092165
"18",18,0.710661391624231,0.71596566499553,0.704803568691135,0.0101107085149405,0.0108395274709342,0.00938250435445
"19",19,0.71115135208423,0.716562618204172,0.705176633457845,0.0102913671667439,0.0110350556866861,0.00954853495777357
"20",20,0.711626246773787,0.717145682566112,0.705533376295142,0.01047495313186,0.0112337724186056,0.00971723669658895
"21",21,0.712086045316655,0.717714829861253,0.705873765192141,0.0106615074710249,0.0114357223429528,0.0098886469922313
"22",22,0.712530718034359,0.718270032470713,0.706197768967224,0.0108510716843951,0.0116409506019369,0.0100628036735872
"23",23,0.712960235946315,0.718811263375317,0.706505357270434,0.0110436877131713,0.0118495028048966,0.0102397449789519
"24",24,0.713374570770019,0.719338496154141,0.706796500585957,0.0112393979411467,0.0120614250293812,0.0104195095578287
"25",25,0.713773694921301,0.719851704983097,0.707071170234681,0.011438245196178,0.0122767638221331,0.010602136472669
"26",26,0.714157581514638,0.720350864633555,0.707329338376854,0.0116402727515763,0.0124955661999659,0.0107876652005511
"27",27,0.714526204363544,0.720835950471026,0.707570978014821,0.0118455243274152,0.0127178796505373,0.0109761356347941
"28",28,0.714879537981028,0.72130693845388,0.707796062995857,0.0120540440917547,0.0129437521330129,0.011167588086508
"29",29,0.71521755758012,0.72176380513213,0.708004568015085,0.0122658766617772,0.0131732320786184,0.0113620632860741
"30",30,0.715540239074472,0.722206527646256,0.70819646861849,0.0124810671048336,0.0134063683910773,0.0115596023845569
"31",31,0.715847559079038,0.722635083726093,0.708371741206021,0.0126996609393972,0.0136432104469308,0.0117602469550432
"32",32,0.716139494910827,0.723049451689776,0.708530363034788,0.0129217041359228,0.0138838080957382,0.0119640389939067
"33",33,0.716416024589732,0.723449610442734,0.708672312222353,0.0131472431176077,0.0141282116601523,0.0121710209219974
"34",34,0.716677126839438,0.723835539476758,0.708797567750109,0.0133763247610529,0.0143764719358703,0.0123812355857509
"35",35,0.716922781088418,0.724207218869121,0.708906109466761,0.0136089963968216,0.014628640191454,0.0125947262582176
"36",36,0.717152967470999,0.724564629281766,0.708997918091894,0.013845305809892,0.014884768168018,0.0128115366400085
"37",37,0.717367666828515,0.724907751960558,0.709072975219636,0.0140853012400018,0.0151449080787829,0.0130317108601553
"38",38,0.717566860710547,0.725236568734602,0.709131263322421,0.0143290313818826,0.0154091126084897,0.0132552934768834
"39",39,0.71775053137624,0.725551062015631,0.709172765754836,0.0145765453853798,0.0156774349126723,0.0134823294782938
"40",40,0.717918661795712,0.725851214797464,0.709197466757567,0.0148278928554571,0.015949928616787,0.013712864282953
"41",41,0.71807123565154,0.726137010655525,0.709205351461442,0.0150831238520815,0.0162266478151922,0.0139469437403884
"42",42,0.718208237340343,0.726408433746452,0.709196405891554,0.0153422888899864,0.0165076470699792,0.0141846141314855
"43",43,0.718329651974439,0.726665468807762,0.70917061697149,0.0156054389383107,0.0167929814096486,0.0144259221687859
"44",44,0.718435465383601,0.726908101157597,0.709127972527637,0.0158726254201099,0.0170827063276296,0.0146709149966834
"45",45,0.718525664116893,0.727136316694546,0.709068461293595,0.0161439002117375,0.0173768777806398,0.0149196401915153
"46",46,0.718600235444595,0.727350101897547,0.708992072914657,0.0164193156420932,0.0176755521868817,0.0151721457615456
"47",47,0.718659167360218,0.72754944382585,0.708898797952401,0.016698924491735,0.0179787864240733,0.0154284801468407
"48",48,0.718702448582605,0.727734330119079,0.708788627889347,0.0169827799918536,0.0182866378273094,0.0156886922190312
"49",49,0.718730068558121,0.72790474899736,0.708661555133712,0.0172709358231039,0.0185991641867507,0.0159528312809598
"50",50,0.718742017462931,0.728060689261528,0.708517573024247,0.0175634461142934,0.0189164237451377,0.016220947066212
"51",51,0.718738286205362,0.72820214029342,0.708356675835153,0.0178603654409229,0.0192384751951258,0.0164930897385272
"52",52,0.718718866428359,0.728329092056248,0.708178858781073,0.0181617488235766,0.0195653776764396,0.0167693098910876
"53",53,0.718683750512021,0.728441535095045,0.707984118022177,0.0184676517261603,0.0198971907728426,0.0170496585456818
"54",54,0.718632931576231,0.728539460537203,0.707772450669305,0.0187781300539833,0.020233974508919,0.0173341871517421
"55",55,0.718566403483363,0.728622860093091,0.707543854789197,0.0190932401516814,0.0205757893466658,0.0176229475852502
"56",56,0.718484160841084,0.728691726056747,0.70729832940979,0.0194130388009786,0.0209226961818909,0.0179159921475122
"57",57,0.718386199005229,0.728746051306663,0.707035874525585,0.0197375832182852,0.0212747563404155,0.0182133735637972
"58",58,0.718272514082774,0.728785829306647,0.706756491103078,0.0200669310521271,0.0216320315740765,0.0185151449818385
"59",59,0.71814310293488,0.728811054106769,0.706460181086262,0.0204011403804071,0.0219945840565274,0.0188213599701948
"60",60,0.717997963180022,0.728821720344393,0.706146947402183,0.0207402697074915,0.0223624763788342,0.019132072516468
"61",61,0.717837093197201,0.728817823245287,0.705816793966562,0.0210843779611222,0.022735771544863,0.0194473370253759
"62",62,0.717660492129235,0.728799358624815,0.705469725689462,0.0214335244891506,0.0231145329664576,0.0197672083166765
"63",63,0.717468159886125,0.728766322889224,0.70510574848102,0.0217877690560892,0.0234988244584038,0.0200917416229418
"64",64,0.717260097148501,0.728718713036996,0.704724869257218,0.02214717183948,0.0238887102331769,0.0204209925871782
"65",65,0.717036305371141,0.728656526660291,0.704327095945707,0.0225117934260766,0.0242842548954717,0.020755017260291
"66",66,0.716796786786564,0.728579761946477,0.703912437491667,0.0228816948078364,0.0246855234365106,0.021093872098391
"67",67,0.716541544408699,0.72848841767973,0.70348090386371,0.0232569373777204,0.0250925812281277,0.0214376139599392
"68",68,0.716270582036616,0.728382493242723,0.703032506059815,0.0236375829252995,0.0255054940166278,0.0217863001027287
"69",69,0.715983904258333,0.72826198861839,0.7025672561133,0.0240236936321623,0.0259243279164147,0.0221399881807005
"70",70,0.715681516454685,0.728126904391779,0.702085167098811,0.0244153320671241,0.0263491494033905,0.0224987362405904
"71",71,0.71536342480326,0.727977241751967,0.701586253138344,0.0248125611812324,0.0267800253081205,0.022862602718405
"72",72,0.715029636282391,0.727813002494072,0.70107052940728,0.0252154443025686,0.0272170228087621,0.0232316464357243
"73",73,0.71468015867522,0.727634189021329,0.700538012140438,0.025624045130841,0.0276602094237567,0.0236059265958284
"74",74,0.714315000573807,0.727440804347248,0.699988718638134,0.0260384277317698,0.0281096530042815,0.0239855027796451
"75",75,0.713934171383299,0.727232852097848,0.69942266727225,0.0264586565312581,0.0285654217264592,0.024370434941518
"76",76,0.713537681326155,0.727010336513958,0.698839877492304,0.0268847963093492,0.0290275840833237,0.0247607834047897
"77",77,0.713125541446417,0.726773262453602,0.698240369831511,0.0273169121939678,0.0294962088765409,0.0251566088572011
"78",78,0.712697763614027,0.726521635394448,0.697624165912843,0.0277550696544409,0.0299713652078809,0.0255579723461018
"79",79,0.712254360529195,0.726255461436329,0.696991288455071,0.0281993344947985,0.0304531224704418,0.0259649352734709
"80",80,0.7117953457268,0.725974747303835,0.696341761278792,0.0286497728468507,0.030941550339623,0.026377559390745
"81",81,0.711320733580841,0.725679500348974,0.695675609312426,0.0291064511630397,0.0314367187638453,0.0267959067934523
"82",82,0.71083053930891,0.725369728553892,0.694992858598196,0.0295694362090644,0.0319386979550183,0.027220039915649
"83",83,0.710324778976712,0.72504544053367,0.694293536298063,0.0300387950562759,0.0324475583787526,0.0276500215241579
"84",84,0.709803469502603,0.72470664553917,0.693577670699627,0.0305145950738421,0.0329633707443156,0.0280859147126056
"85",85,0.709266628662161,0.724353353459956,0.692845291221985,0.0309969039206795,0.0334862059943311,0.0285277828952566
"86",86,0.708714275092778,0.723985574827265,0.692096428421537,0.0314857895371506,0.0340161352942194,0.0289756898006426
"87",87,0.70814642829827,0.723603320817041,0.691331113997735,0.0319813201365257,0.0345532300213798,0.0294296994649853
"88",88,0.707563108653508,0.723206603253022,0.690549380798776,0.032483564196206,0.0350975617541126,0.0298898762254102
"89",89,0.706964337409051,0.722795434609883,0.68975126282722,0.0329925904487096,0.0356492022602814,0.03035628471295
"90",90,0.706350136695804,0.72236982801643,0.688936795245546,0.0335084678724158,0.0362082234857139,0.0308289898453358
"91",91,0.705720529529663,0.721929797258848,0.688106014381616,0.034031265682068,0.0367746975423429,0.0313080568195741
"92",92,0.705075539816176,0.721475356783987,0.687258957734073,0.034561053319035,0.0373486966960846,0.031793551104309
"93",93,0.704415192355192,0.721006521702707,0.686395663977628,0.0350979004413273,0.0379302933544565,0.0322855384319665
"94",94,0.703739512845512,0.720523307793252,0.685516172968266,0.0356418769133698,0.0385195600539339,0.0327840847906809
"95",95,0.703048527889518,0.720025731504679,0.684620525748346,0.0361930527955281,0.0391165694470449,0.0332892564160007
"96",96,0.7023422649978,0.719513809960315,0.683708764551589,0.0367514983333896,0.0397213942892051,0.033801119782374
"97",97,0.701620752593755,0.718987560961256,0.682780932807954,0.0373172839467967,0.0403341074252922,0.0343197415944106
"98",98,0.700884020018169,0.718447002989896,0.681837075148395,0.0378904802186334,0.0409547817759603,0.0348451887779206
"99",99,0.700132097533771,0.717892155213491,0.680877237409488,0.038471157883364,0.0415834903236963,0.0353775284707291
"100",100,0.699365016329751,0.717323037487747,0.679901466637928,0.0390593878153235,0.0422203060986181,0.035916828013264
"101",101,0.698582808526251,0.71673967036044,0.678909811094886,0.03965524101676,0.0428653021640159,0.0364631549389178
"102",102,0.697785507178807,0.716142075075051,0.677902320260219,0.0402587886056291,0.043518551601639,0.0370165769641819
"103",103,0.696973146282755,0.71553027357443,0.676879044836531,0.0408701018031401,0.0441801274967271,0.0375771619785526
"104",104,0.696145760777581,0.714904288504468,0.675840036753071,0.0414892519210539,0.0448501029227914,0.0381449780342085
"105",105,0.695303386551223,0.714264143217795,0.674785349169479,0.0421163103487342,0.0455285509261427,0.0387200933354587
"106",106,0.694446060444313,0.713609861777476,0.673715036479342,0.0427513485399512,0.0462155445101734,0.0393025762279607
"107",107,0.693573820254356,0.712941468960731,0.672629154313594,0.043394437999439,0.0469111566193908,0.0398924951877092
"108",108,0.692686704739844,0.712258990262645,0.67152775954372,0.0440456502692075,0.0476154601232081,0.0404899188097941
"109",109,0.691784753624296,0.711562451899893,0.670410910284774,0.04470505691461,0.0483285277994923,0.0410949157969284
"110",110,0.690868007600223,0.710851880814459,0.669278665898205,0.0453727295101665,0.0490504323178743,0.0417075549477455
"111",111,0.689936508333013,0.71012730467735,0.668131086994476,0.0460487396251454,0.0497812462228219,0.0423279051448673
"112",112,0.688990298464726,0.709388751892306,0.666968235435482,0.0467331588089039,0.0505210419164801,0.0429560353427412
"113",113,0.688029421617804,0.708636251599498,0.665790174336748,0.0474260585759894,0.0512698916412814,0.0435920145552489
"114",114,0.687053922398685,0.707869833679213,0.664596968069414,0.0481275103910023,0.0520278674623301,0.044235911843085
"115",115,0.686063846401311,0.707089528755524,0.663388682261985,0.0488375856532239,0.0527950412495627,0.0448877963009081
"116",116,0.685059240210538,0.706295368199936,0.662165383801861,0.0495563556810101,0.0535714846596897,0.0455477370442644
"117",117,0.684040151405432,0.705487384135009,0.660927140836622,0.0502838916959531,0.0543572691179228,0.0462158031962836
"118",118,0.683006628562456,0.704665609437961,0.659674022775067,0.0510202648068141,0.0551524657994901,0.0468920638741506
"119",119,0.68195872125853,0.703830077744228,0.658406100288016,0.0517655459932291,0.0559571456109449,0.0475765881753514
"120",120,0.680896480073976,0.702980823451003,0.657123445308842,0.0525198060891907,0.0567713791712731,0.0482694451636963
"121",121,0.679819956595325,0.702117881720726,0.655826131033757,0.0532831157663077,0.0575952367928023,0.0489707038551218
"122",122,0.678729203417996,0.701241288484542,0.654514231921819,0.0540555455168481,0.0584287884619191,0.0496804332032711
"123",123,0.67762427414884,0.70035108044571,0.65318782369468,0.054837165636565,0.0592721038195985,0.0503987020848576
"124",124,0.676505223408531,0.699447295082963,0.65184698333605,0.055628046207312,0.060125252141752,0.0511255792848103
"125",125,0.675372106833819,0.698529970653819,0.650491789090877,0.0564282570794505,0.0609883023193988,0.0518611334812058
"126",126,0.674224981079624,0.697599146197836,0.64912232046425,0.0572378678540512,0.0618613228386661,0.0526054332299871
"127",127,0.673063903820978,0.696654861539804,0.647738658220001,0.0580569478648965,0.0627443817606244,0.0533585469494726
"128",128,0.671888933754797,0.695697157292884,0.646340884379014,0.0588855661602856,0.0636375467009651,0.0541205429046569
"129",129,0.670700130601502,0.694726074861663,0.644929082217233,0.059723791484647,0.0645408848095236,0.0548914891913079
"130",130,0.669497555106447,0.693741656445163,0.643503336263361,0.0605716922599643,0.0654544627496584,0.0556714537198595
"131",131,0.668281269041195,0.692743945039752,0.642063732296253,0.0614293365670171,0.0663783466774891,0.0564605041991068
"132",132,0.667051335204595,0.691732984441996,0.640610357341988,0.0622967921264452,0.067312602221003,0.0572587081197043
"133",133,0.665807817423685,0.690708819251419,0.639143299670629,0.0631741262796379,0.0682572944590353,0.0580661327374706
"134",134,0.664550780554403,0.689671494873184,0.637662648792651,0.064061405969456,0.0692124879001316,0.0588828450565043
"135",135,0.663280290482106,0.68862105752068,0.636168495455054,0.0649586977207901,0.0701782464612987,0.0597089118121135
"136",136,0.661996414121889,0.687557554218022,0.634660931637131,0.0658660676209616,0.071154633446653,0.0605443994535625
"137",137,0.660699219418707,0.686481032802456,0.633140050545911,0.0667835812999725,0.0721417115259721,0.0613893741266411
"138",138,0.659388775347284,0.685391541926655,0.631605946611264,0.0677113039106085,0.0731395427131596,0.062243901656058
"139",139,0.65806515191182,0.684289131060923,0.630058715480659,0.0686493001084023,0.0741481883446295,0.0631080475276659
"140",140,0.656728420145481,0.683173850495285,0.628498454013583,0.0695976340314645,0.0751677090576197,0.0639818768705188
"141",141,0.655378652109668,0.682045751341473,0.626925260275612,0.0705563692801854,0.0761981647684421,0.0648654544387695
"142",142,0.654015920893067,0.680904885534786,0.625339233532129,0.0715255688968176,0.0772396146506789,0.0657588445934102
"143",143,0.652640300610479,0.679751305835848,0.623740474241694,0.0725052953449443,0.078292117113332,0.0666621112838608
"144",144,0.651251866401408,0.678585065832232,0.622129084049059,0.0734956104888406,0.0793557297789371,0.0675753180294113
"145",145,0.649850694428431,0.677406219939965,0.620505165777822,0.074496575572735,0.0804305094616486,0.0684985279005223
"146",146,0.648436861875322,0.676214823404903,0.618868823422727,0.0755082511999782,0.081516512145307,0.0694318034999898
"147",147,0.647010446944939,0.675010932303976,0.617220162141601,0.0765306973121273,0.0826137929614963,0.070375206943979
"148",148,0.645571528856871,0.673794603546295,0.615559288246933,0.0775639731679516,0.083722406167602,0.0713287998429336
"149",149,0.644120187844834,0.67256589487412,0.613886309197082,0.0786081373223693,0.0848424051248782,0.0722926432823657
"150",150,0.642656505153824,0.671324864863691,0.61220133358713,0.0796632476053222,0.0859738422765352,0.0732667978035332
"151",151,0.641180563037016,0.670071572925908,0.610504471139365,0.0807293611005965,0.0871167691258554,0.0742513233840098
"152",152,0.639692444752401,0.668806079306863,0.608795832693398,0.0818065341245979,0.0882712362143489,0.0752462794181549
"153",153,0.638192234559181,0.667528445088223,0.607075530195916,0.0828948222050897,0.0894372930999582,0.0762517246974891
"154",154,0.636680017713886,0.666238732187454,0.605343676690065,0.0839942800599023,0.0906149883353224,0.0772677173909827
"155",155,0.635155880466246,0.664937003357893,0.603600386304474,0.0851049615756227,0.0918043694461115,0.0782943150252633
"156",156,0.633619910054783,0.663623322188647,0.601845774241907,0.086226919786272,0.0930054829094396,0.0793315744647497
"157",157,0.632072194702145,0.66229775310434,0.600079956767547,0.0873602068519823,0.0942183741323697,0.0803795518917195
"158",158,0.63051282361017,0.660960361364685,0.598303051196924,0.0885048740376784,0.0954430874305193,0.0814383027863169
"159",159,0.628941886954675,0.659611213063889,0.596515175883474,0.0896609716917767,0.0966796660067765,0.0825078819065089
"160",160,0.627359475879978,0.658250375129879,0.594716450205732,0.0908285492249094,0.0979281519301399,0.083588343267997
"161",161,0.625765682493138,0.656877915323363,0.592906994554174,0.0920076550886826,0.0991885861146901,0.084679740124092
"162",162,0.624160599857928,0.655493902236699,0.591086930317685,0.0931983367544796,0.100461008298705,0.0857821249455597
"163",163,0.622544321988524,0.654098405292592,0.589256379869688,0.094400640692317,0.101745457023931,0.0868955494004456
"164",164,0.620916943842917,0.652691494742603,0.587415466553898,0.0956146123497657,0.103041969615017,0.088020064333887
"165",165,0.619278561316048,0.651273241665472,0.585564314669739,0.096840296130944,0.104350582159126,0.0891557197479191
"166",166,0.617629271232659,0.649843717965251,0.583703049457401,0.0980777353755951,0.105671329485735,0.0903025647812865
"167",167,0.615969171339866,0.648402996369249,0.581831797082553,0.0993269723382576,0.107004245146628,0.0914606476892642
"168",168,0.614298360299448,0.646951150425779,0.579950684620714,0.10058804816754,0.108349361396107,0.0926300158235012
"169",169,0.612616937679856,0.645488254501712,0.578059840041276,0.101861002885507,0.10970670917141,0.0938107156118915
"170",170,0.610925003947935,0.644014383779831,0.576159392191198,0.103145875367192,0.11107631807337,0.0950027925384842
"171",171,0.609222660460373,0.642529614255987,0.574249470778361,0.104442703320244,0.112458216347315,0.0962062911234393
"172",172,0.607510009454854,0.641034022736052,0.572330206354595,0.105751523264716,0.113852430864211,0.0974212549030398
"173",173,0.605787154040942,0.639527686832669,0.570401730298382,0.10707237051301,0.115258987102078,0.0986477264097683
"174",174,0.604054198190675,0.638010684961794,0.568464174797234,0.108405279149989,0.116677909127676,0.0998857471524568
"175",175,0.60231124672888,0.636483096339035,0.566517672829764,0.109750282013261,0.118109219578476,0.101135357596521
"176",176,0.600558405323207,0.634945000975781,0.564562358147434,0.111107410673655,0.119552939644925,0.102396597144284
"177",177,0.598795780473889,0.633396479675113,0.562598365256009,0.112476695415886,0.121009089053022,0.103669504115408
"178",178,0.59702347950321,0.631837614027522,0.560625829396702,0.113858165219435,0.122477686047198,0.104954115727426
"179",179,0.595241610544714,0.630268486406392,0.55864488652703,0.11525184773964,0.123958747373543,0.106250468076409
"180",180,0.593450282532121,0.628689179963287,0.556655673301379,0.116657769289022,0.125452288263348,0.107558596117746
"181",181,0.591649605187982,0.627099778623012,0.554658327051282,0.118075954818843,0.126958322417011,0.108878533647082
"182",182,0.589839689012053,0.625500367078466,0.552652985765433,0.11950642790092,0.12847686198829,0.110210313281392
"183",183,0.5880206452694,0.623891030785273,0.550639788069415,0.120949210709691,0.130007917568933,0.111553966440217
"184",184,0.586192585978243,0.622271855956194,0.548618873205178,0.12240432400456,0.131551498173675,0.112909523327073
"185",185,0.584355623897522,0.620642929555334,0.546590381010253,0.123871787112516,0.133107611225632,0.114277012911036
"186",186,0.582509872514209,0.619004339292109,0.544554451896723,0.125351617911045,0.134676262542083,0.115656462908514
"187",187,0.580655446030355,0.61735617361502,0.54251122682994,0.126843832811342,0.136257456320663,0.117047899765218
"188",188,0.578792459349877,0.615698521705183,0.540460847307026,0.128348446741837,0.137851195125975,0.11845134863834
"189",189,0.576921028065095,0.614031473469659,0.53840345533513,0.129865473132042,0.139457479876616,0.119866833378955
"190",190,0.575041268443011,0.612355119534556,0.536339193409473,0.131394923896722,0.141076309832648,0.121294376514636
"191",191,0.573153297411346,0.610669551237915,0.534268204491185,0.132936809420423,0.142707682583504,0.122733999232325
"192",192,0.571257232544322,0.608974860622371,0.532190631984933,0.134491138542335,0.144351594036344,0.124185721361433
"193",193,0.569353192048215,0.60727114042761,0.530106619716357,0.136057918541525,0.146008038404882,0.12564956135721
"194",194,0.567441294746655,0.60555848408259,0.528016311909319,0.137637155122542,0.147677008198661,0.127125536284373
"195",195,0.565521660065705,0.603836985697561,0.525919853162978,0.139228852401395,0.149358494212824,0.128613661801011
"196",196,0.563594408018706,0.602106740055859,0.523817388428686,0.140833012891925,0.15105248551835,0.130113952142783
"197",197,0.56165965919089,0.600367842605486,0.521709062986739,0.142449637492579,0.152758969452794,0.131626420107399
"198",198,0.559717534723783,0.598620389450476,0.519595022422959,0.144078725473587,0.15447793161152,0.133151077039414
"199",199,0.557768156299382,0.596864477342052,0.517475412605154,0.145720274464554,0.156209355839433,0.134687932815332
"200",200,0.555811646124124,0.595100203669562,0.515350379659422,0.147374280442486,0.157953224223235,0.136236995829036
"201",201,0.553848126912646,0.593327666451211,0.513220069946356,0.149040737720244,0.15970951708419,0.137798272977546
"202",202,0.551877721871348,0.591546964324579,0.511084630037112,0.15071963893544,0.161478212971414,0.139371769647123
"203",203,0.549900554681751,0.589758196536937,0.508944206689391,0.152410975039789,0.1632592886557,0.14095748969972
"204",204,0.54791674948367,0.587961462935348,0.50679894682331,0.154114735288916,0.165052719123877,0.142555435459793
"205",205,0.545926430858197,0.586156863956574,0.504648997497204,0.15583090723263,0.166858477573708,0.14416560770148
"206",206,0.543929723810505,0.584344500616772,0.502494505883333,0.157559476705677,0.168676535409339,0.145788005636161
"207",207,0.541926753752475,0.582524474500993,0.500335619243544,0.159300427818968,0.170506862237299,0.147422626900394
"208",208,0.539917646485156,0.580696887752485,0.498172484904858,0.161053742951301,0.172349425863051,0.149069467544256
"209",209,0.53790252818106,0.578861843061798,0.496005250235025,0.162819402741582,0.174204192288112,0.150728522020075
"210",210,0.5358815253663,0.577019443655694,0.493834062618031,0.164597386081537,0.176071125707731,0.152399783171581
"211",211,0.533854764902578,0.57516979328587,0.491659069429591,0.166387670108949,0.17795018850914,0.154083242223469
"212",212,0.531822373969024,0.57331299621749,0.489480418012612,0.168190230201403,0.17984134127037,0.15577888877139
"213",213,0.529784480043901,0.571449157217535,0.487298255652664,0.170005039970546,0.181744542759648,0.157486710772379
"214",214,0.527741210886174,0.569578381542964,0.485112729553441,0.171832071256892,0.183659749935371,0.159206694535713
"215",215,0.525692694516959,0.567700774928707,0.482923986812245,0.17367129412514,0.185586917946654,0.160938824714232
"216",216,0.523639059200843,0.565816443575467,0.48073217439549,0.175522676860048,0.187526000134467,0.1626830842961
"217",217,0.521580433427101,0.563925494137363,0.478537439114243,0.177386185962837,0.189476948033351,0.164439454597041
"218",218,0.519516945890805,0.562028033709396,0.476339927599799,0.17926178614815,0.191439711373719,0.166207915253033
"219",219,0.51744872547383,0.560124169814749,0.474139786279325,0.181149440341561,0.19341423808475,0.167988444213484
"220",220,0.515375901225772,0.558214010391923,0.471937161351551,0.183049109677641,0.195400474297858,0.169781017734886
"221",221,0.513298602344783,0.556297663781724,0.46973219876255,0.184960753498585,0.19739836435076,0.171585610374958
"222",222,0.511216958158323,0.55437523871408,0.467525044181587,0.186884329353398,0.199407850792123,0.173402194987278
"223",223,0.509131098103845,0.552446844294717,0.465315842977071,0.188819792997655,0.201428874386808,0.175230742716417
"224",224,0.507041151709418,0.550512589991687,0.463104740192605,0.190767098393825,0.203461374121687,0.177071222993577
"225",225,0.504947248574286,0.548572585621747,0.46089188052315,0.192726197712171,0.205505287212059,0.178923603532736
"226",226,0.502849518349391,0.546626941336603,0.458677408291308,0.194697041332219,0.207560549108644,0.180787850327306
"227",227,0.500748090717842,0.54467576760902,0.456461467423743,0.196679577844812,0.209627093505161,0.182663927647311
"228",228,0.498643095375355,0.5427191752188,0.45424420142773,0.198673754054735,0.211704852346489,0.184551798037084
"229",229,0.49653466201067,0.54075727523863,0.452025753367872,0.200679514983924,0.213793755837401,0.186451422313495
"230",230,0.494422920285937,0.538790179019818,0.449806265842958,0.20269680387525,0.215893732451888,0.188362759564702
"231",231,0.492307999817107,0.5368179981779,0.447585880962999,0.20472556219689,0.218004708943038,0.190285767149447
"232",232,0.490190030154298,0.534840844578144,0.445364740326442,0.206765729647275,0.2201266103535,0.192220400696872
"233",233,0.488069140762184,0.532858830320943,0.443142984997563,0.208817244160625,0.22225936002651,0.19416661410689
"234",234,0.485945461000377,0.530872067727101,0.440920755484061,0.210880041913057,0.224402879617477,0.196124359551089
"235",235,0.483819120103836,0.528880669323029,0.438698191714852,0.21295405732928,0.226557089106133,0.198093587474184
"236",236,0.481690247163303,0.526884747825841,0.436475433018076,0.215039223089865,0.228721906809233,0.200074246596011
"237",237,0.47955897110576,0.524884416128366,0.434252618099318,0.2171354701391,0.230897249393806,0.202066283914077
"238",238,0.477425420674939,0.522879787284073,0.432029885020069,0.219242727693412,0.233083031890954,0.204069644706649
"239",239,0.475289724411871,0.52087097449192,0.429807371176412,0.221360923250368,0.235279167710179,0.206084272536405
"240",240,0.47315201063549,0.518858091081135,0.427585213277952,0.223489982598255,0.237485568654259,0.208110109254626
"241",241,0.471012407423303,0.516841250495916,0.425363547327005,0.225629829826213,0.239702144934636,0.210147095005944
"242",242,0.468871042592124,0.514820566280087,0.423142508598038,0.227780387334954,0.241928805187336,0.212195168233648
"243",243,0.466728043678886,0.512796152061677,0.420922231617381,0.229941575848027,0.244165456489395,0.214254265685529
"244",244,0.464583537921539,0.510768121537465,0.418702850143204,0.232113314423657,0.2464120043758,0.216324322420291
"245",245,0.462437652240033,0.508736588457466,0.416484497145781,0.234295520467127,0.248668352856922,0.218405271814499
"246",246,0.460290513217404,0.506701666609382,0.414267304788041,0.236488109743722,0.25093440443645,0.22049704557009
"247",247,0.458142247080961,0.504663469803014,0.412051404406405,0.238690996392215,0.253210060129801,0.222599573722421
"248",248,0.455992979683584,0.502622111854648,0.40983692649193,0.240904092938893,0.255495219483018,0.224712784648872
"249",249,0.453842836485142,0.500577706571411,0.407624000671752,0.243127310312124,0.257789780592125,0.226836605077991
"250",250,0.451691942534036,0.498530367735614,0.405412755690848,0.245360557857454,0.260093640122952,0.228970960099178
"251",251,0.449540422448873,0.496480209089073,0.403203319394111,0.24760374335323,0.262406693331406,0.231115773172916
"252",252,0.447388400400277,0.494427344317429,0.400995818708745,0.249856773026738,0.264728834084185,0.233270966141534
"253",253,0.445236000092848,0.492371887034463,0.398790379626991,0.252119551570862,0.267059954879931,0.235436459240507
"254",254,0.443083344747267,0.490313950766412,0.396587127189192,0.25439198216124,0.269399946870799,0.237612171110282
"255",255,0.440930557082564,0.488253648936293,0.394386185467182,0.25667396647393,0.271748699884445,0.239798018808637
"256",256,0.438777759298544,0.486191094848244,0.392187677548034,0.258965404703557,0.274106102446421,0.241993917823557
"257",257,0.436625073058392,0.484126401671885,0.389991725518141,0.261266195581955,0.276472041802958,0.24419978208663
"258",258,0.43447261947144,0.482059682426694,0.387798450447658,0.263576236397275,0.278846403944138,0.246415523986962
"259",259,0.432320519076131,0.479991049966429,0.385607972375293,0.265895423013575,0.281229073627443,0.248641054385587
"260",260,0.430168891823155,0.477920616963569,0.383420410293463,0.268223649890854,0.283619934401659,0.250876282630397
"261",261,0.428017857058793,0.475848495893811,0.381235882133809,0.270560810105554,0.286018868631139,0.253121116571555
"262",262,0.425867533508447,0.473774799020603,0.379054504753078,0.272906795371496,0.288425757520406,0.255375462577412
"263",263,0.423718039260385,0.471699638379734,0.376876393919371,0.275261496061249,0.29084048113909,0.257639225550899
"264",264,0.421569491749684,0.469623125763979,0.374701664298771,0.27762480122793,0.293262918447178,0.259912308946408
"265",265,0.419422007742398,0.46754537270781,0.372530429442339,0.279996598627415,0.295692947320577,0.262194614787138
"266",266,0.417275703319937,0.465466490472169,0.370362801773487,0.282376774740956,0.298130444576976,0.26448604368291
"267",267,0.415130693863679,0.463386590029321,0.368198892575736,0.284765214798192,0.300575286001984,0.266786494848444
"268",268,0.412987094039801,0.461305782047783,0.36603881198085,0.287161802800553,0.303027346375554,0.269095866122083
"269",269,0.410845017784353,0.45922417687733,0.363882668957359,0.289566421545026,0.305486499498661,0.271414053984957
"270",270,0.408704578288562,0.457141884534101,0.361730571299456,0.2919789526483,0.307952618220229,0.273740953580594
"271",271,0.406565887984389,0.455059014685791,0.359582625616297,0.294399276571254,0.310425574464301,0.276076458734948
"272",272,0.404429058530318,0.452975676636943,0.35743893732167,0.296827272643793,0.312905239257435,0.278420461976848
"273",273,0.402294200797411,0.450891979314344,0.355299610624068,0.299262819090017,0.315391482756305,0.280772854558865
"274",274,0.400161424855606,0.448808031252533,0.353164748517141,0.301705793053707,0.317884174275516,0.283133526478569
"275",275,0.398030839960278,0.446723940579411,0.35103445277054,0.304156070624122,0.320383182315604,0.285502366500188
"276",276,0.395902554539065,0.444639815001988,0.348908823921154,0.306613526862099,0.322888374591205,0.287879262176645
"277",277,0.393776676178951,0.44255576179223,0.34678796126473,0.309078035826431,0.325399618059404,0.290264099871971
"278",278,0.391653311613623,0.440471887773056,0.344671962847895,0.311549470600527,0.327916778948225,0.292656764784084
"279",279,0.389532566711102,0.438388299304446,0.342560925460549,0.314027703319327,0.330439722785267,0.295057140967918
"280",280,0.38741454646164,0.4363051022697,0.340454944628667,0.316512605196481,0.332968314426466,0.297465111358899
"281",281,0.385299354965904,0.434222402061832,0.338354114607474,0.319004046551752,0.335502418084974,0.299880557796756
"282",282,0.383187095423432,0.432140303570108,0.336258528375013,0.321501896838657,0.33804189736014,0.302303361049654
"283",283,0.381077870121376,0.430058911166736,0.334168277626103,0.324006024672317,0.340586615266584,0.304733400838642
"284",284,0.378971780423529,0.427978328693706,0.332083452766673,0.326516297857512,0.343136434263351,0.307170555862402
"285",285,0.376868926759636,0.425898659449789,0.33000414290849,0.329032583416925,0.345691216283124,0.309614703822293
"286",286,0.374769408614999,0.423820006177696,0.327930435864255,0.331554747619563,0.348250822761506,0.31206572144767
"287",287,0.372673324520369,0.421742471051404,0.325862418143097,0.334082656009347,0.350815114666329,0.314523484521482
"288",288,0.370580772042129,0.419666155663652,0.323800174946425,0.33661617343385,0.353383952527002,0.31698786790612
"289",289,0.368491847772776,0.417591161013598,0.321743790164176,0.339155164073181,0.355957196463877,0.319458745569516
"290",290,0.366406647321692,0.415517587494671,0.319693346371414,0.341699491468987,0.358534706217619,0.321935990611482
"291",291,0.36432526530622,0.413445534882584,0.317648924825324,0.344249018553587,0.361116341178571,0.324419475290267
"292",292,0.362247795343027,0.41137510232354,0.315610605462554,0.346803607679192,0.3637019604161,0.326909071049332
"293",293,0.360174330039773,0.409306388322623,0.313578466896933,0.349363120647225,0.366291422707921,0.329404648544323
"294",294,0.358104960987078,0.407239490732372,0.311552586417548,0.351927418737718,0.368884586569372,0.331906077670237
"295",295,0.356039778750786,0.405174506741556,0.309533039987185,0.354496362738773,0.37148131028264,0.334413227588767
"296",296,0.353978872864533,0.403111532864136,0.307519902241116,0.357069812976075,0.374081451925925,0.336925966755807
"297",297,0.351922331822612,0.401050664928427,0.30551324648625,0.35964762934245,0.376684869402529,0.339444162949116
"298",298,0.34987024307314,0.398991998066465,0.303513144700625,0.362229671327447,0.379291420469859,0.341967683296129
"299",299,0.347822693011527,0.39693562670357,0.301519667533251,0.364815798046942,0.38190096276833,0.344496394301888
"300",300,0.345779766974244,0.39488164454812,0.299532884304287,0.367405868272736,0.384513353850165,0.347030161877101
"301",301,0.343741549232893,0.392830144581527,0.297552863005568,0.369999740462159,0.387128451208074,0.349568851366304
"302",302,0.341708122988573,0.390781219048433,0.295579670301449,0.372597272787639,0.389746112303806,0.352112327576117
"303",303,0.339679570366549,0.388734959447108,0.293613371529997,0.375198323166254,0.392366194596561,0.354660454803586
"304",304,0.33765597241122,0.386691456520066,0.291654030704494,0.377802749289226,0.394988555571248,0.357213096864592
"305",305,0.335637409081381,0.384650800244901,0.289701710515265,0.38041040865137,0.397613052766591,0.359770117122325
"306",306,0.333623959245785,0.382613079825334,0.287756472331828,0.383021158580468,0.400239543803062,0.3623313785158
"307",307,0.331615700678999,0.380578383682489,0.285818376205346,0.385634856266573,0.402867886410631,0.364896743588409
"308",308,0.329612710057555,0.378546799446378,0.283887480871398,0.388251358791215,0.405497938456332,0.3674660745165
"309",309,0.327615062956394,0.376518413947624,0.281963843753038,0.390870523156506,0.408129557971632,0.370039233137966
"310",310,0.325622833845603,0.374493313209394,0.280047520964169,0.39349220631414,0.410762603179585,0.372616080980835
"311",311,0.323636096087437,0.372471582439567,0.278138567313192,0.39611626519426,0.413396932521775,0.375196479291845
"312",312,0.321654921933637,0.370453306023122,0.276237036306959,0.398742556734199,0.416032404685038,0.377780289065003
"313",313,0.319679382523028,0.368438567514761,0.274342980154996,0.401370937907069,0.418668878627937,0.380367371070105
"314",314,0.317709547879402,0.366427449631754,0.272456449774012,0.404001265750196,0.421306213607008,0.382957585881212
"315",315,0.31574548690969,0.364420034247016,0.270577494792678,0.406633397393398,0.423944269202749,0.38555079390507
"316",316,0.313787267402405,0.362416402382416,0.26870616355667,0.409267190087069,0.42658290534535,0.388146855409456
"317",317,0.311834956026367,0.36041663420231,0.266842503133984,0.411902501230097,0.42922198234016,0.390745630551458
"318",318,0.309888618329708,0.358420809007315,0.264986559320493,0.41453918839757,0.431861360892875,0.393346979405652
"319",319,0.307948318739142,0.356429005228305,0.263138376645769,0.417177109368286,0.434500902134452,0.395950761992183
"320",320,0.306014120559511,0.354441300420648,0.261297998379143,0.419816122152041,0.437140467645725,0.398556838304738
"321",321,0.304086085973596,0.352457771258662,0.259465466536014,0.422456085016704,0.439779919481734,0.401165068338396
"322",322,0.302164276042196,0.350478493530319,0.257640821884377,0.425096856515042,0.44241912019575,0.403775312117338
"323",323,0.300248750704468,0.348503542132168,0.255824103951603,0.42773829551132,0.445057932862985,0.406387429722428
"324",324,0.298339568778523,0.346532991064497,0.254015351031424,0.430380261207636,0.447696221103996,0.409001281318626
"325",325,0.296436787962283,0.34456691342672,0.252214600191146,0.433022613170006,0.450333849107759,0.411616727182255
"326",326,0.294540464834591,0.342605381413005,0.250421887279075,0.435665211354176,0.452970681654428,0.414233627728084
"327",327,0.292650654856564,0.340648466308123,0.248637246932147,0.438307916131165,0.455606584137746,0.416851843536229
"328",328,0.290767412373206,0.338696238483533,0.246860712583762,0.440950588312512,0.458241422587133,0.419471235378871
"329",329,0.28889079061525,0.336748767393693,0.245092316471819,0.443593089175251,0.46087506368942,0.422091664246768
"330",330,0.287020841701248,0.334806121572601,0.243332089646928,0.446235280486567,0.463507374810241,0.424712991375556
"331",331,0.2851576166399,0.332868368630568,0.241580061980828,0.448877024528161,0.466138224015069,0.427335078271834
"332",332,0.283301165332606,0.330935575251209,0.239836262174965,0.451518184120299,0.4687674800899,0.429957786739024
"333",333,0.281451536576261,0.32900780718867,0.238100717769255,0.454158622645538,0.471395012561567,0.432580978902988
"334",334,0.279608778066262,0.327085129265073,0.236373455151016,0.456798204072131,0.474020691717695,0.435204517237408
"335",335,0.277772936399751,0.325167605368185,0.234654499564057,0.459436792977099,0.476644388626285,0.437828264588914
"336",336,0.275944057079064,0.323255298449316,0.232943875117929,0.462074254568964,0.479265975154926,0.440452084201942
"337",337,0.274122184515403,0.321348270521428,0.23124160479733,0.46471045471014,0.481885323989626,0.44307583974334
"338",338,0.272307362032718,0.319446582657473,0.22954771047165,0.467345259938974,0.484502308653272,0.445699395326683
"339",339,0.27049963187179,0.317550294988944,0.227862212904664,0.469978537491434,0.487116803523696,0.448322615536317
"340",340,0.268699035194525,0.315659466704642,0.226185131764357,0.472610155322436,0.489728683851368,0.450945365451109
"341",341,0.266905612088447,0.31377415604966,0.224516485632881,0.475239982126808,0.492337825776694,0.453567510667896
"342",342,0.265119401571375,0.311894420324582,0.222856292016635,0.477867887359886,0.494944106346924,0.456188917324641
"343",343,0.263340441596308,0.310020315884886,0.221204567356469,0.480493741257732,0.497547403532674,0.45880945212327
"344",344,0.261568769056486,0.308151898140566,0.219561327037999,0.483117414856983,0.500147596244044,0.461428982352199
"345",345,0.259804419790635,0.306289221555954,0.217926585402032,0.485738780014313,0.502744564346352,0.464047375908536
"346",346,0.2580474285884,0.304432339649747,0.216300355755096,0.488357709425511,0.505338188675463,0.466664501319957
"347",347,0.25629782919594,0.302581304995249,0.214682650380066,0.490974076644173,0.507928351052723,0.469280227766249
"348",348,0.254555654321705,0.300736169220796,0.213073480546891,0.493587756099998,0.510514934299492,0.471894425100515
"349",349,0.252820935642377,0.298896983010394,0.211472856523403,0.4961986231167,0.51309782225128,0.474506963870034
"350",350,0.251093703808971,0.297063796104549,0.209880787586211,0.498806553929508,0.51567689977148,0.477117715336774
"351",351,0.249373988453094,0.29523665730129,0.208297282031675,0.501411425702279,0.5182520527647,0.47972655149755
"352",352,0.247661818193369,0.29341561445739,0.206722347186959,0.504013116544206,0.520823168189693,0.482333345103831
"353",353,0.245957220641995,0.291600714489763,0.205155989421141,0.506611505526117,0.523390134071891,0.484937969681175
"354",354,0.244260222411465,0.289792003377068,0.203598214156402,0.509206472696376,0.525952839515527,0.487540299548309
"355",355,0.242570849121417,0.28798952616148,0.202049025879262,0.511797899096371,0.528511174715369,0.490140209835835
"356",356,0.240889125405632,0.286193326950651,0.200508428151882,0.514385666775596,0.531065030968044,0.492737576504559
"357",357,0.239215074919162,0.284403448919852,0.198976423623408,0.516969658806324,0.533614300682964,0.495332276363455
"358",358,0.237548720345584,0.282619934314284,0.197453014041367,0.519549759297868,0.536158877392857,0.497924187087239
"359",359,0.235890083404387,0.280842824451577,0.195938200263099,0.522125853410429,0.538698655763899,0.500513187233568
"360",360,0.234239184858477,0.279072159724441,0.194431982267232,0.524697827368533,0.541233531605444,0.503099156259852
"361",361,0.232596044521798,0.277307979603504,0.192934359165189,0.527265568474061,0.543763401879364,0.50568197453968
"362",362,0.230960681267072,0.275550322640306,0.191445329212716,0.529828965118856,0.546288164708997,0.508261523378853
"363",363,0.229333113033644,0.273799226470456,0.189964889821448,0.532387906796928,0.548807719387695,0.510837685031036
"364",364,0.227713356835431,0.272054727816955,0.188493037570482,0.534942284116239,0.551321966386989,0.513410342713003
"365",365,0.226101428768983,0.270316862493668,0.187029768217975,0.53749198881008,0.553830807364365,0.515979380619505
